date,f0-9,f10-19,f20-29,f30-39,f40-49,f50-59,f60-69,f70-79,f80+,m0-9,m10-19,m20-29,m30-39,m40-49,m50-59,m60-69,m70-79,m80+
2020-03-14,0.89676,3.39615,18.29340,17.65021,19.38344,18.77328,16.97214,17.12721,16.24636,1.54271,3.21197,13.86901,19.93060,21.64153,22.89765,17.34742,22.08195,24.83458
2020-03-18,2.48650,7.53506,40.21359,39.94489,43.88577,45.54912,36.00402,39.36912,43.88577,2.58368,6.68652,26.10939,35.96157,41.63384,50.76107,44.73001,54.97003,70.86644
2020-03-19,2.89184,10.04259,51.51684,50.21575,58.05715,63.97655,45.39512,48.84840,58.42341,3.71466,8.68568,32.04416,44.32249,54.34573,61.27148,60.44653,71.63133,96.75481
2020-03-20,2.88054,13.68072,64.84262,63.15647,73.04164,76.87453,59.60025,59.89817,76.37445,4.35731,10.01556,41.15433,53.29517,65.95797,73.94544,80.56972,86.38668,113.27068
2020-03-21,3.24405,18.98565,81.92726,78.46780,89.18932,98.85920,73.45435,74.27431,94.83836,4.47368,15.77089,52.87685,66.60835,79.92292,97.92038,102.89391,110.80458,146.23806
2020-03-22,3.44230,23.44492,92.10478,89.56824,101.76284,115.61023,86.31768,82.62933,111.38695,4.46008,18.62316,59.96042,74.97288,91.70646,113.37608,117.03827,121.44966,165.05230
2020-03-23,4.29965,28.90798,104.84897,102.24080,117.00579,133.09995,97.31913,97.31913,132.75512,5.49970,23.49415,69.61047,84.88301,102.94583,133.46016,132.90246,139.15329,194.27594
2020-03-24,4.69196,30.17576,112.08318,107.75075,125.42552,140.99329,103.26512,105.37600,141.78487,5.48355,23.95378,73.29569,90.33201,109.44458,142.69100,142.42714,148.11740,208.12840
2020-03-25,5.00000,33.70000,123.20000,120.80000,137.50000,158.80000,115.50000,120.60000,163.20000,5.60000,26.00000,82.00000,99.00000,117.80000,157.80000,157.40000,164.00000,240.60000
2020-03-26,5.0,37.1,135.6,130.4,151.3,172.4,124.7,127.9,175.1,6,27.8,88.5,107,127,174.1,172.6,175.8,259.5
2020-03-27,5.2,41.7,153.2,152.3,170.7,194.4,140.7,143.5,213.9,6.5,30.6,99.7,117.4,140.2,197.2,200.2,201,316.4
2020-03-28,5.4,45.6,167.5,164.2,185.5,212.4,155.4,155.1,241.7,6.5,31.9,107.5,126,153.2,210.3,218,220.7,351.4
2020-03-29,5.7,49.8,181.3,177.3,203,233.8,167.8,169.1,270.7,6.7,33.8,114.9,134.6,165.2,230.7,237.4,244.1,383.4
2020-03-30,6.1,54.2,194.8,189.7,219.1,253.9,183.1,184.7,308.7,7.1,35.4,121.4,144.2,175.2,248,256.7,266.5,419.5
2020-03-31,6.1,56.6,204.3,197.7,228.1,264.7,192.8,193.6,339.1,7.6,36.8,125.8,149,184.2,256.3,266.9,280.7,446.8
2020-04-01,6.6,59.8,217.6,209.4,242.4,281.1,200.1,208.4,370.2,7.6,39.3,132.7,156.2,192.9,268.7,283.9,297.1,490.6
2020-04-02,6.8,63.7,233.5,223.5,261.8,302.3,216.5,219.2,402.4,7.6,42.3,142.1,165.1,204,288.4,301.9,322.3,528.6
2020-04-03,6.8,66.8,244.5,232.6,280.3,319,227,232.4,440.8,8.3,46.2,152.9,173.7,215.1,305.5,317.8,335.6,565.3
2020-04-04,7.1,71.7,259.6,245.3,295.2,337.2,237.1,240.6,466.8,8.5,48.5,163.4,182.6,224.8,322.2,331.7,347.7,593.1
2020-04-05,7.3,73.9,271.8,255.8,308.9,350.8,243.2,249.3,501.2,9.4,51.2,171.2,189.1,234.5,336.6,340.6,355.6,618.6
2020-04-06,7.5,75.1,280.5,262.2,320,360.4,249.9,255.9,521.4,10.3,51.5,176.4,195.3,240.4,343.2,346,364.4,628.1
2020-04-07,8.7,78.8,291.5,270.8,329.3,370.5,255.8,263.5,550.8,10.5,54,183.2,201.8,247.7,351.9,356,375.6,654.2
2020-04-08,9.2,79.8,302.2,275.3,335.6,379.9,259.4,269.6,564.9,10.5,54.7,188.9,206,254.1,360,362.1,383.2,670.2
2020-04-09,9.2,84.4,319.2,292.7,354.6,398.3,271.5,282.8,596,10.9,58.1,201.5,217.5,266.6,373.9,376,397.5,695.1
2020-04-10,9.7,88.6,331.2,302.3,366.6,410.5,277.4,291.2,621.7,11.2,59.7,210,224,272.8,383.3,386,406,722.3
2020-04-11,9.7,92.9,341.4,309.9,373,420.8,283.9,298.9,645.2,11.4,60.7,216.5,227.6,279.7,390.2,392.8,414.8,743.7
2020-04-12,10.1,94.2,345.7,314.5,380.5,425.8,287.1,303.1,664,11.8,61.3,221.7,231,285.6,393.6,397.1,420.8,761.4
2020-04-13,10.6,95.1,350,317,383.3,429.1,290.2,306.5,683.2,11.8,62,224.7,232.8,287.6,397.3,398.9,424.1,780.4
2020-04-14,10.6,96.1,353.6,319.7,387.7,434.4,294,309.4,697.7,11.8,62.5,225.8,234.6,289.4,400.6,400.8,426.9,791.1
2020-04-15,10.8,98.6,365.8,329.6,396.3,442.9,302.2,314.7,715.8,11.8,63.2,231.3,241.4,295.2,409,405.4,433.2,806.5
2020-05-16,11.1,100,370.7,333.1,400.8,448.4,305.6,318.4,731.3,11.8,64.3,233.5,245.6,299,411.9,408.9,436.9,814.8
2020-05-17,11.3,101.2,377.2,337.9,406.8,454.5,308.9,321.6,747.6,12.5,65.7,237.6,247.2,301.8,416.2,411.3,440.2,829
2020-04-18,11.3,103.7,383.4,344.5,409.6,457.9,311.7,325,763.2,12.7,67.8,242.8,251,304.4,419.9,414.1,442.6,837.9
2020-04-19,11.6,105.6,388.5,350.1,415.4,462.3,314.2,327.1,785.6,12.7,69.2,246.1,254.2,307.7,422,415.8,445.4,852.1
2020-04-20,11.6,106.6,393.3,353.1,418.3,464.7,314.8,328.7,796.8,12.7,69.6,247.4,256.7,310.1,425.4,416.5,447.8,859.8
2020-04-21,11.8,107.1,395.4,354.9,419.1,467.2,316.7,330.3,802.3,13,70.3,248.2,258,310.8,426.2,418,449.6,864.5
2020-04-22,12.3,108.3,399.3,357.4,422.1,470.8,318.2,331.9,809.1,13,70.8,250.6,259.9,312.9,429.1,419.5,451.7,874.6
2020-04-23,12.3,109.5,404.1,359.2,426.4,474.8,319.4,332.9,817.8,13,71.2,254.1,262.8,314.6,431.4,421.3,453.9,887.6
2020-04-24,12.3,109.3,408,361.5,428.7,477.2,321.1,334.8,825.4,13.4,73.3,256.3,264.6,316,433.1,423.9,456.3,893
2020-04-25,12.5,111.2,411.1,364.2,431.5,479.7,323.6,335.8,833.4,13.4,73.7,259.3,266.9,317.5,437.4,426.3,458.4,901.3
2020-04-26,12.3,112.7,414.8,367.5,433.4,482.5,324.9,336.1,838.1,13.6,74.4,262.2,268.8,318.8,438.7,427.6,461.4,906
2020-04-27,12.5,113.4,416.1,369,433.9,485,325.5,337.4,842.4,13.8,74.7,263.7,269.8,320.2,439.7,428.4,463,908.4
2020-04-28,12.5,115.1,418.8,370.8,434.9,486.4,325.9,338.7,844.2,13.8,74.9,265.2,270.8,322.1,440.5,429.7,464.8,912.5
2020-04-29,13,115.6,420.8,372.6,437,488.3,327.6,339.8,851.8,14.5,75.4,265.9,273.1,323.8,442.8,431.3,465.1,916.7
2020-04-30,13.9,115.9,423.7,374.9,440.5,492.1,328.9,340.6,858.7,15.2,76,267.6,275.8,325.4,445.4,432.1,465.4,922
2020-05-01,13.9,116.4,425.4,376.6,442,493.2,330.1,341.9,861.6,16.1,75.8,270.2,277.3,326.9,446.7,434.1,466.6,925.6
2020-05-02,13.9,117.1,427.2,378.1,443,494.9,330.8,342.7,870.6,16.1,76.3,272.2,277.8,327.2,448.5,435,467.8,927.3
2020-05-03,13.9,117.8,428.9,378.9,444.3,496.1,331.8,342.7,873.9,16.3,76.7,273.5,278.7,328.5,449.4,436,468.7,929.7
2020-05-04,14.4,118.3,430.2,379.9,446.3,497.6,332.4,342.7,876.1,16.3,77.2,276.3,279.2,328.9,449.7,436.7,469.3,929.7
2020-05-05,14.6,118.6,431,380.4,446.5,498,333.1,342.7,876.8,16.3,77.4,276.3,279.5,329.2,450.2,437.1,469.3,929.7
2020-05-06,14.9,118.6,432.6,381.6,448,498.7,333.1,342.9,876.4,16.5,77.2,277,280.5,330.3,450.4,437.6,469.6,930.3
2020-05-07,14.9,118.8,433.9,382.6,448.3,499.6,333.9,344.5,877.5,17,77.9,278.7,281.3,330.7,450.8,438,470.8,930.9
2020-05-08,15.8,119.5,435.1,383.9,449.3,500.7,334.3,344.5,880.1,17,77.9,280,282.3,332,451.9,438.2,471.7,934.5
2020-05-09,16.3,120,435.9,384.9,450.2,501.3,334.8,344,880.8,17.2,78.1,280.9,282.8,332.5,452.7,437.8,472.7,934.5
2020-05-10,16,120,436.6,385.4,451,501.6,336.2,344.8,883,17.6,79,281.7,283,332.6,453.4,438.9,473,935
2020-05-11,16.5,120,437,385.5,451.3,502.1,336.2,344.8,886.6,17.6,79.7,282,283.4,333.6,453.8,439.1,472.7,936.8
2020-05-12,16.5,120.8,437.4,386.5,452,502.4,336.4,345,887.7,17.6,80.4,282.2,283.6,333.8,454.1,440,472.4,938.6
2020-05-13,16.5,121.2,437.8,386.9,452.5,503.3,337.3,345.6,889.1,17.9,80.9,283.1,283.9,334.3,454.1,440.2,472.4,939.2
2020-05-14,16.5,122,438.8,387.9,452.8,504.3,337.9,345.8,889.8,17.6,81.1,283,284.4,334.5,454.8,441,473.3,941.6
2020-05-15,16.7,123.2,439,388.2,452.8,504.9,338.3,346.4,891.6,17.9,82,283.1,284.9,335.1,455.6,441.5,474.2,945.1
2020-05-16,16.7,123,439.1,389.2,453.5,506.3,338.7,346.9,893.1,18.8,82.9,283.9,285.9,335.6,456.2,442.1,474.8,946.3
2020-05-17,16.7,123.2,439.1,389.3,453.7,506.6,339.2,347.2,893.1,18.8,82.9,284.1,286,335.9,456.4,442.1,475.4,946.3
2020-05-18,16.7,123.2,439.3,389.2,453.8,506.6,339,346.9,892.7,18.8,83.4,284.8,286,336.3,456.2,442.8,475.7,946.9
2020-05-19,17,123.4,439.5,389.2,454.5,506.8,339.4,346.9,892.4,18.8,83.4,285.2,286.4,336.4,457,443,475.7,946.9
2020-05-20,17.2,123.9,440.3,389.2,455,507.3,339.8,347.9,893.8,18.8,83.6,286.8,286.5,336.6,457.3,443.2,475.4,948.1
2020-05-21,17.2,124.2,441.1,389.3,455.3,507.9,340.2,348.5,894.2,18.8,84.1,286.8,286.5,337.7,457.9,443.4,475.7,950.5
2020-05-22,17.2,124.4,441.1,389.3,456.2,508.4,340.2,348.2,894.2,18.8,84.1,287.4,286.5,337.9,458.1,443.4,475.7,950.5
2020-05-23,17.4,124.4,441.1,389.8,456.5,508.7,340.6,348.7,894.2,19,84.1,287.6,286.7,337.7,458.4,443.6,476,950.5
2020-05-24,17.4,124.7,441.1,390.2,456.5,508.8,340.6,349.3,894.5,19,84.1,287.8,286.9,337.9,458.4,443.9,476,950.5
2020-05-25,17.7,124.7,441.7,390.5,456.5,508.7,340.8,349.3,894.5,19,84.1,288.1,287,337.9,458.4,444.1,476,950.5
2020-05-26,17.7,124.7,441.9,390.8,456.8,508.8,340.8,349.3,895.3,19,84.1,288.1,287.2,337.9,458.7,444.5,476.3,951.6
2020-05-27,17.7,124.7,442,390.8,456.5,509.6,340.8,349.3,895.6,19.2,84.8,288.7,287.2,338.1,458.7,444.5,476.9,951.6
2020-05-28,18.2,124.7,442.2,391,456.7,509.8,340.8,349.3,895.6,19.4,85,289.6,287.3,338.6,459,444.7,476.9,951.6
2020-05-29,18.4,125.6,443.6,391.5,457.1,510.1,340.8,349.3,896,19.9,85.5,289.8,287.5,339.1,459,444.7,477.2,952.2
2020-05-30,18.4,126.4,444.2,392.3,457.5,510.4,340.8,349.3,896.7,20.1,85.7,290.2,287.7,339.1,459.1,445,477.2,950.5
2020-05-31,18.4,126.6,444.6,392.7,457.8,510.6,340.8,349.5,896.7,20.1,85.7,290.2,287.7,339.2,459.6,445.2,477.5,951
2020-06-01,18.4,126.9,444.6,392.8,458,510.9,340.8,349.5,896.7,20.1,85.7,290.2,287.8,339.6,459.8,445.2,477.5,951
2020-06-02,18.4,126.9,444.8,392.8,458.1,511,340.8,349.5,896.7,20.1,85.7,290.2,287.8,339.6,459.8,445.2,477.5,951.6
2020-06-03,18.4,126.9,445.1,393,458.1,511.2,340.8,350.1,897.1,20.1,85.9,290.2,287.8,340,459.9,445.6,477.8,952.2
2020-06-04,18.4,127.1,445.5,393,458.3,511.7,340.8,350.3,897.8,20.3,87.3,290.4,287.8,339.9,459.9,445.8,478.1,952.8
2020-06-05,18.4,127.3,446.1,393.3,458.5,512,341.1,350.6,897.8,20.3,87.8,291.5,288.5,340,459.8,445.8,478.4,954
2020-06-06,18.4,128.1,446.3,393.5,458.6,512.4,341.3,350.6,897.8,20.5,87.8,291.8,289,340,459.9,446,479,954
2020-06-07,18.6,128.3,446.5,393.5,458.6,512.4,341.5,350.9,897.8,20.5,87.8,292,289.3,340,459.9,446.3,479,954
2020-06-08,18.9,128.3,446.9,393.6,458.8,512.4,341.5,351.1,897.8,20.5,88,292,289.3,340,459.9,446.3,479,954
2020-06-09,19.1,128.3,447.1,393.8,458.8,512.4,341.9,351.1,898.1,20.8,88.5,292.2,289.3,340,460.5,446.7,479,954
2020-06-10,19.1,128.3,447.5,394,459.3,513.1,342.3,351.1,898.1,21,88.5,292.4,289.6,340.4,460.5,447.3,479.6,954
2020-06-11,19.1,128.3,447.7,394.5,459.6,513.7,342.9,351.6,899.2,21.2,88.5,292.6,290.3,340.5,460.8,448.2,480.2,954
2020-06-12,19.3,129.1,447.9,394.5,459.8,513.8,342.9,351.4,898.5,21.9,88.7,293.5,290.6,340.9,461,448.4,479.6,954.6
2020-06-13,19.3,129.8,447.9,395,460,514.3,343.2,351.4,898.5,22.8,88.7,293.9,291.1,341.5,461.6,449.1,479.6,954.6
2020-06-14,19.3,129.8,448.2,395.3,460.8,514.9,343.2,351.4,898.5,23,88.7,294.4,291.6,341.5,461.8,449.3,479.6,955.2
2020-06-15,19.6,130,448.4,395.5,460.8,515.1,343.2,351.4,898.5,23.2,88.9,294.6,291.7,341.9,461.9,449.5,479.6,955.8
2020-06-16,19.8,130,449.2,395.6,460.8,515.1,343.4,351.4,898.5,23.7,88.9,294.8,291.9,341.9,462.5,449.5,479.6,955.8
2020-06-17,19.8,130,450.2,396,461.6,515.7,344.2,351.4,898.9,23.9,89.4,295.4,292.2,342,462.8,449.7,480.5,956.4
2020-06-18,19.8,130,450.9,396.6,461.6,516,344.8,351.1,898.9,23.9,89.4,295.7,292.5,342.2,462.8,449.7,480.2,957
2020-06-19,20,130,451.3,397.1,461.6,516,344.6,351.4,898.9,24.1,89.6,296.1,293,342.5,462.8,449.7,480.8,957
2020-06-20,20,130,452.7,397.6,462,516.2,344.8,351.9,898.9,24.3,89.8,296.3,293.3,342.8,463,450.2,480.8,957
2020-06-21,20,130.3,453.7,398.3,462.3,517,345.7,351.9,899.2,24.8,90.8,297.8,294,343.2,463.8,450.4,481.1,957
2020-06-22,20,130.5,454.2,398.3,462.6,517.1,345.7,352.2,899.2,24.8,91.2,298,294.5,343.2,463.9,450.8,481.1,957.6
2020-06-23,20,130.5,454.6,398.8,462.8,517.6,345.7,352.2,899.6,25.2,91.2,298.3,295.1,343.5,464.2,450.8,481.1,957.6
2020-06-24,20.5,131,455.6,399.8,463.3,518.2,345.7,352.4,899.6,25.2,91.9,299.8,295.3,344.3,464.5,451,481.4,957.6
2020-06-25,20.5,132,456.9,400.6,463.5,519.2,346.1,352.7,899.6,25.9,92.1,301.3,295.9,345.1,465,451.5,481.4,957.6
2020-06-26,20.7,132.5,457.9,401.4,465.1,519.6,346.3,353,900,25.9,92.1,303.3,297.1,346.3,465.4,451.5,482.1,957.6
2020-06-27,21,132.7,458.9,401.6,466.8,520.3,346.9,353,900,25.9,92.6,306.5,298.4,347.4,466.5,451.9,482.4,957.6
2020-06-28,21,133.4,460,402.4,467.6,520.6,347.6,353,900,25.9,93.7,308.3,300.2,348.3,467,452.3,482.4,958.7
2020-06-29,21,133.7,461.6,402.8,467.8,520.6,348.2,353,900,25.9,93.7,309.6,300.8,348.6,467.8,452.3,483,959.3
2020-06-30,21,134.4,463.7,403.7,468.3,521.5,349.2,353.2,900.3,25.9,94,310.7,301.6,349.2,468.5,453.2,483.3,959.3
2020-07-01,21.2,135.9,466.6,406.6,469.3,523.9,350.7,353.8,900.7,26.1,94.7,314.4,304.4,351.2,469.9,454.3,483.3,959.3
2020-07-02,21.7,137.3,470.3,407.6,470.1,524.8,351.6,354,900.7,26.1,96.7,318.3,306.5,353,470.7,455.6,483.3,960.5
2020-07-03,22.2,138.1,474.2,409.9,471.3,525.6,352.4,354.3,900.7,26.4,99,324.4,308.6,354.5,471.9,456.3,483.6,960.5
2020-07-04,22.4,139.5,476.9,411,472.8,526.2,353,354.3,900.7,26.4,99.9,328.1,310.4,355.2,473.3,457.1,483.6,961.1
2020-07-05,22.4,140,477.8,412.2,473.4,527.5,354.1,354.8,901,26.4,100.6,330,311.7,356,473.8,458.2,483.6,962.3
2020-07-06,22.4,140.5,478.6,412.9,473.9,527.8,354.5,355.1,901.8,26.4,100.9,331.1,313,357.1,474.1,458.4,483.9,962.9
2020-07-07,22.4,140.8,479.4,413.3,474.6,528.4,354.9,355.1,901.8,26.4,101.1,332.9,314.3,358,475,459.3,484.2,963.5
2020-07-08,22.9,142,481.3,415,474.9,530,357,355.6,902.1,26.6,102,336.4,316.6,360.3,476.7,461.9,484.8,963.5
2020-07-09,23.1,142.2,483.4,416.5,476.4,530.6,357,356.1,902.1,26.6,102,339.2,318.2,361.2,478.1,463.2,486,963.5
2020-07-10,23.3,143.4,485.6,418,478.3,531.5,358.1,356.1,902.9,26.6,102.5,341.1,320.3,362.7,479.6,464.5,486.9,964.1
2020-07-11,24.3,143.9,487.9,419.3,479.1,532.8,359.5,356.9,903.2,26.8,104.1,343.7,322.4,364.4,480.8,465.4,487.2,964.1
2020-07-12,25,144.4,489.8,420.6,480.4,533.1,360.6,357.2,903.6,27,105.2,345.1,324.5,365.4,481.6,466.7,487.2,964.7
2020-07-13,25,145.2,490.4,422,480.9,533.9,361.4,357.4,903.9,27.2,106.1,346.4,325.2,366.3,482.7,467.8,487.5,964.7
2020-07-14,25,145.9,491.8,422.8,481.8,535.1,362.3,357.4,904.3,27.5,106.6,347.7,326,367.5,483.3,469.7,488.1,964.7
2020-07-15,24.8,147.4,494.7,425.8,483.1,537.2,363.7,357.4,904.7,27.7,107.3,349.6,329.4,369.6,484.5,471.5,488.4,964.7
2020-07-16,25,148.3,496.8,427.7,485.1,538.7,365,358,905.4,27.9,107.8,354.4,332.1,372.1,486.1,473.2,488.7,965.9
2020-07-17,25.5,148.8,498.7,428.7,486.4,538.9,366,358.2,905.7,28.4,108.4,356.8,334.4,373.2,487.3,474.3,489.6,966.4
2020-07-18,25.9,150.5,500.9,430.9,487.6,540,366.9,358.5,906.1,28.8,110,359.4,336.2,374.7,488.4,474.7,490.5,967.6
2020-07-19,26.9,152.2,502.4,431.7,488.7,541.4,367.3,359.6,907.2,28.8,110.3,361.8,337.2,376,489.8,476,492.1,968.8
2020-07-20,26.9,152.7,503.2,432.5,489.6,541.9,367.3,359.6,907.6,28.8,110.5,362.9,338.3,376,490.4,476.5,492.7,969.4
2020-07-21,27.3,152.5,505.9,435,491.1,542.8,368.8,360.1,907.9,29,111.4,365.3,339.9,377.7,491.2,478,493.3,970
2020-07-22,27.3,152.7,510.3,437,493.2,544.4,370.9,361.4,908.3,29.5,111.9,367.7,342.9,379.7,492.8,479.1,493.6,971.2
2020-07-23,27.6,155.4,512.7,438.5,494.1,545.5,373.2,361.9,908.3,29.9,112.8,370.1,345.3,381.1,494.1,479.9,494.2,972.4
2020-07-24,28.3,158.1,515.6,441.2,496.7,547.5,373.8,361.9,909,29.9,114.2,374,348.7,382.6,494.8,482.3,494.2,973.6
2020-07-25,28.5,160.3,521.2,442.5,498,549.1,375.3,363.8,909.7,29.9,114.6,377.5,352.4,383.9,495.6,483.2,495.7,974.2
2020-07-26,29,161.5,524.5,443.5,499.5,549.7,376.3,364.3,910.1,30.6,116.5,380.3,353.6,385.1,497.2,484.1,497.2,974.2
2020-07-27,29.2,162.2,527,443.8,499.9,550.3,376.5,364.6,910.8,30.6,116.9,382.3,354.9,385.9,498.2,484.5,497.5,974.2
2020-07-28,29.5,163.5,531.8,445.6,501.4,551.4,377.6,364.6,911.2,30.4,118.3,385.7,357.3,387.5,499.2,486.3,498.4,975.9
2020-07-29,29.7,165.4,538,447.8,503.2,553.5,380.3,365.1,911.9,30.6,119,390.9,361.2,389.8,501.6,488.4,499,975.9
2020-07-30,29.9,167.6,545,450.9,505.7,555,382,365.6,914.1,30.8,121.1,398.1,364.5,393.1,502.9,490.6,499.9,978.3
2020-07-31,31.1,169.8,551,452.7,509.2,557.5,383.3,366.9,914.4,31.3,123.6,404.4,368.3,394.1,505.3,492.6,500.9,978.3
2020-08-01,31.6,171.5,554.8,455.4,510.5,559.9,385.2,367.5,914.4,31.9,125,410.5,371.3,395.4,507.8,495.4,501.8,978.9
2020-08-02,31.8,173.2,557.3,457.5,512,561.9,385.6,368,914.8,31.9,127.3,414.7,372.7,397.4,510.1,496.3,502.4,980.1
2020-08-03,32.1,174.2,558.9,458.5,513,562.5,386,368,914.8,31.9,127.7,415.5,373.7,398.7,511.3,497.3,502.7,980.7
2020-08-04,32.1,176.1,561.6,460.2,515.2,565.2,387,368.8,915.2,31.9,128.4,418.4,375.8,399.5,512.9,499.1,503.6,981.3
2020-08-05,32.5,178.8,564.5,463.8,517.2,567.6,388.3,370.1,915.5,31.9,131.9,423.1,378.9,401,514.7,500.4,504.2,983.6
2020-08-06,32.5,181.5,568.8,466.3,519.3,569.9,390,370.4,915.9,32.8,135.8,427.5,381.7,403.2,517,501.7,504.2,983
2020-08-07,32.8,183,573.2,469.3,520.8,571.8,390.8,370.6,915.9,34.2,138.3,429.9,385.6,404.8,518.7,503.6,504.8,983.6
2020-08-08,32.8,185.7,577.9,471.6,522.1,575.1,392.3,371.2,916.2,34.4,140.6,435.6,388.5,407.3,520.6,504.7,505.4,984.2
2020-08-09,33.2,188.6,581.9,474.6,524,575.5,392.9,371.4,916.6,34.6,142.2,440.8,390.3,409.9,521.9,505.8,506,984.8
2020-08-10,33.5,190.3,584.8,477.1,525,576.2,393.3,372,916.6,34.6,144.1,445.3,391.6,410.6,522.7,506.2,506.6,984.8
2020-08-11,33.2,194.2,590.4,480.4,527.3,577.1,394.2,372.7,917,35.1,147,451.4,394.2,411.7,524.6,508.2,507.5,984.8
2020-08-12,33.2,198.8,599.1,484.7,530,579.5,396.5,373.3,917,35.7,150.5,460.6,397.7,413.7,528.2,510.6,508.1,985.4
2020-08-13,33.2,202,606.5,488.7,532.1,581,397.8,373.5,917.7,37.3,153,470.6,401,415.8,530.2,511.7,509,986
2020-08-14,34.2,203.9,613.6,493.5,534.6,584,398.8,373.8,918.1,38,157.4,480.4,406.5,418.8,531.5,514.3,509,987.2
2020-08-15,35.4,207.1,622.3,497.3,537.3,585.9,400.5,374.6,918.4,38.6,160.1,491.5,410.1,420.6,533.3,514.3,510.9,987.2
2020-08-16,35.4,210,628.9,499.9,540.1,587.3,401.7,375.6,919.1,38.9,162.2,499.7,412.5,422.9,535.2,514.7,511.2,988.4
2020-08-17,35.4,211.5,632,502.9,542.3,588.5,402.6,376.2,919.1,38.9,163.6,502.1,415.9,423.7,536.6,515.8,511.8,988.4
2020-08-18,36.1,216.9,638.4,505.1,544.4,590.1,403,376.2,919.5,39.1,165.9,508.6,419.6,426.3,537.8,516.9,512.4,988.4
2020-08-19,37,223,648.1,509,546.6,592.5,403.6,376.4,920.6,40.2,169.6,520.4,425,429.3,541.5,518.9,513.3,989
2020-08-20,37.5,227.1,657,512.3,548.9,593.9,404.3,376.4,921.7,40.6,172.3,530.9,431.3,432.2,542.7,521.7,514.2,989
2020-08-21,37.5,230.8,665.1,517.1,550.9,596.5,405.1,376.7,923.8,41.3,178.1,545.4,435.7,436.5,543.3,523.9,516,989.6
2020-08-22,38,234.4,676.9,521.3,554.2,598.3,407.4,377,925.3,41.8,182.4,554.8,440.9,439.6,544.6,526.7,516.3,989.6
2020-08-23,38.9,237.6,684.6,526.7,556.6,599.7,409.1,377.8,927.1,41.5,186.3,564.3,446.6,442.8,546.6,528.4,516.9,991.3
2020-08-24,39.4,240.1,689.9,529.2,558.4,600.9,410.4,378,926.7,41.8,188.6,569.1,449.2,444.6,547.6,529.5,517.5,991.3
2020-08-25,39.6,242.5,695.5,532.7,561.4,603.3,411.2,378.3,927.5,42,191.2,576.5,452.6,445.9,549.8,530.4,517.8,991.3
2020-08-26,40.5,248.1,706.1,538.2,565.9,606.4,412.7,379.1,929.3,42.7,197.1,589.6,458.4,451.1,552.3,533.2,519.3,992.5
2020-08-27,41.3,253.2,717.3,543.1,572.7,609.7,413.9,380.1,930.7,43.1,202.4,600.2,463.8,454.9,555,535.8,520.3,993.7
2020-08-28,41.7,259.3,726.8,548.3,576,612.4,416,380.1,931.8,44,208.2,609.8,471.4,458.9,558,537.1,521.5,994.9
2020-08-29,43.1,263,739,554.4,580.3,615.8,417.3,381.2,933.6,44.9,214.8,620.7,477.4,462.3,561.3,540.4,522.7,995.5
2020-08-30,43.6,266.6,748.3,559.2,583.3,617.5,418.5,382.5,935.8,45.3,220.1,630,481.8,465.8,564.1,541.7,523.6,996.1
2020-08-31,44.6,268.4,752,562.2,584.5,620,419.2,383.6,937.2,46,221.2,634.6,485.6,467.7,565.3,541.9,524.2,997.3
2020-09-01,45.3,272.5,757.4,565.8,586.5,621.7,420,383.8,937.6,46.7,224,642.2,490.8,470.5,566.6,542.5,524.2,997.9
2020-09-02,46.2,274.9,768,572.8,591.1,625,421.7,384.6,940.1,48.2,227.2,654,497.9,474.3,570,545.2,524.8,1000.2
2020-09-03,46.7,277.4,775.6,580,595.8,628,423.8,386.2,946.3,48.5,231.6,664.9,503.9,478.6,573.8,547.1,526.6,1003.8
2020-09-04,47.9,281.8,786,585,600.8,633.2,425.9,386.5,949.5,50,236.2,679.2,510.7,483.5,577.5,549.3,527.8,1005
2020-09-05,48.6,286.9,799.2,591.5,605.3,637.9,427.2,386.7,949.9,50.7,241.2,692.5,519.5,489.1,580.7,552.3,530,1006.2
2020-09-06,48.6,290.6,811.4,597.8,611.3,642.6,430.5,389.6,955,50.9,246.8,704.5,526.3,493.4,584.9,556.7,531.8,1010.9
2020-09-07,48.8,293.5,816.6,600.1,613.7,645.6,430.9,390.4,955.7,51.4,249.3,709,529.6,495.9,587.2,558,532.7,1010.9
2020-09-08,49,294.7,822.4,603.7,617.2,648.8,432.8,390.9,958.2,51.8,252.5,714.2,534.1,498.3,590.3,560.6,533.6,1013.9
2020-09-09,49.5,302,835,609.8,623.4,654,436,393.6,962.6,52.3,258.7,726,539,504.6,594.4,565.2,536,1019.2
2020-09-10,50,307.1,846.6,616.6,628.9,657.8,438.5,395.2,966.5,52.5,261.5,737.7,544.7,509.2,599.2,567.3,538.1,1022.7
2020-09-11,50.5,315.2,863.6,624.2,635,662.3,442.1,398.1,968.4,52.9,270.4,751.4,552.4,515.4,603.2,570.6,541.5,1027.5
2020-09-12,50.9,321.8,875,631.9,642.2,667.3,445.6,398.3,972,53.8,276.4,762.5,560.4,521.7,608.4,573,544.2,1028.1
2020-09-13,51.2,329.1,886.4,638.5,648.7,673.6,449.2,401,975.6,53.6,280.3,772.1,568,528.1,612.7,578.6,548.8,1031.6
2020-09-14,51.2,332.8,892,642.6,653.1,676.4,450.3,402,978.8,53.6,283.5,776.3,572.1,532.8,614.7,581.2,550,1034.6
2020-09-15,51.2,336.4,899.2,647.7,657.6,679.9,452.8,403.3,979.2,53.6,287.9,781.5,580,537.3,618,583.6,551.8,1037.6
2020-09-16,51.2,341.5,910.6,655,663.8,686.1,457.4,404.1,983.2,54,295.2,793.2,588.8,545.8,623.5,588.4,554.2,1041.7
2020-09-17,51.9,348.4,920.7,662.3,671.3,691.3,461,407.6,985,54.3,303.7,806.3,597.9,552.4,630.4,592.8,559.1,1043.5
2020-09-18,51.9,358.1,932.7,670.1,679.2,695.8,464.5,409.7,987.2,54.3,311.1,815.8,605.2,558.5,635.1,596.7,563.6,1045.9
2020-09-21,52.3,373.7,959.7,686,694.5,707.6,474.2,414.4,990.1,55.4,323.9,842.2,624,573.3,647.1,606.2,568.2,1050
2020-09-22,53,378.1,967.7,688.6,700,710.5,475,415.2,990.8,55.6,326.7,848.5,630.2,576.5,651.1,608.8,569.1,1050.6
2020-09-23,53.3,384.5,975.8,694.6,706.5,716.2,478,418.1,993.3,55.8,329.5,857.2,638.6,582.8,657.4,613.6,571.5,1052.4
2020-09-24,53.8,389.8,984.3,700.6,711.3,721.5,483.4,420.8,995.5,56.3,332.9,865.4,644.5,587.1,661.8,617.3,573.6,1055.9
2020-09-25,53.8,393.3,992,707.2,715,726.5,485.8,422.9,997.3,56.3,337,873.5,652.9,591.5,667.7,619.5,575.7,1058.3
2020-09-28,54.5,403,1009.3,718.8,725.1,737.8,490.8,428.4,1009.2,57,341.6,886.4,665.6,603.3,678.5,625.6,581.8,1063.6
2020-09-29,54.5,404.7,1013.5,721.4,728.1,740.6,492.9,429.5,1012.1,57.2,343,891.8,668.7,607.9,681.9,627.5,583.6,1064.8
2020-09-30,54.7,405.7,1022.2,727.4,733.1,745.6,495.8,432.6,1016.5,57.4,347.4,900,675.7,613.5,688,633.4,585.7,1070.1
2020-10-01,54.9,412.5,1033.2,738.8,739.9,752.4,500,436.1,1021.2,57.6,351.5,910,687,619.3,694,639.9,588.8,1074.9
2020-10-02,55.2,416.9,1044.9,747.6,745.9,757.8,503,440.5,1028.4,58.1,355.2,923.6,696.9,628,700.6,645.6,593,1079.6
2020-10-05,56.6,430.3,1073.3,770.4,765.5,776,517.7,449.5,1038.9,60.1,369.4,964.7,727.6,646.6,717.3,660.6,605.5,1092.7
2020-10-06,57.1,435.2,1089.2,780.5,775.5,785.3,522.9,452.9,1043.3,61.4,377.5,977.1,739.9,656.1,725.3,670.4,609.7,1099.8
2020-10-07,58,446,1110,793.6,789.8,796.1,535.3,459.5,1049.4,62.3,386.7,1001.4,756.7,673.4,739.7,684.3,617,1111.6
2020-10-08,58.2,457.7,1132.3,812.6,803.3,811.1,544.1,469.8,1056.3,63.4,397.7,1028.8,775.3,688.8,755,697.1,626.4,1122.3
2020-10-09,60.4,469.4,1166.7,832,822,830,557.6,478.5,1067.1,65,411,1063.6,799.7,710.2,772.5,709.1,640,1137.7
2020-10-12,63.4,514,1255.3,890.4,874.9,880.2,590.1,502.8,1101.5,67.4,452.1,1160.2,868.5,759,823.8,742.3,670.3,1173.2
2020-10-13,64.4,527.7,1284.5,910.8,893.4,897.4,603.1,512.6,1114.5,68.1,467.3,1188.3,890.3,779.9,845.2,755.6,685.8,1186.9
2020-10-14,65.8,553.3,1336.6,951.8,929.4,931.2,632.1,537.6,1145.7,71,493,1242.7,934.6,818.6,881.6,785.3,712.8,1217.1
2020-10-15,66.7,571.1,1385.5,988.9,964.8,966.6,656.3,556.9,1169.9,73,519.9,1295.4,975.7,854.3,915.7,814,739.8,1242
2020-10-16,69.8,603.3,1447,1033.3,1005.7,1002.9,688.6,583.8,1199.9,74.8,552.1,1354.5,1024.9,898.5,954.8,843,763.1,1271.6
2020-10-19,75.7,689.4,1617.5,1161.7,1128.9,1115.1,771.4,648.7,1287.5,83.5,627.9,1521.4,1153.9,1014.4,1065.1,934,851.3,1368.2
2020-10-20,77.8,712.4,1675.5,1206.9,1172.8,1151.9,798.9,670.3,1323.7,84.9,649,1578.2,1205.9,1053.7,1104.4,964.2,878.9,1410.3
2020-10-21,81.1,758.5,1777.3,1291.4,1249.9,1224.1,854.5,712.5,1387.4,88.9,696.1,1672.6,1289,1133.2,1184.2,1028.8,932,1475.5
2020-10-22,85.1,805.1,1873.8,1371,1322.9,1295.2,910.2,750.5,1443.8,94.7,739.1,1769.9,1369,1201.7,1252.1,1085.8,985.3,1522.3
2020-10-23,89.8,861.7,1994.9,1469.1,1412.3,1378.2,977.4,803.3,1521.6,98.7,798.4,1890.6,1475.3,1284.9,1341.2,1156.6,1055.4,1600.5
2020-10-26,100,1034.6,2325.7,1720.8,1655.7,1604.6,1142.2,942.5,1741.7,115,948.6,2197.6,1739.1,1512.9,1560.1,1341.8,1237.9,1805.5
2020-10-27,103.5,1087.1,2442,1809.3,1746.5,1688.7,1196,988.7,1798.8,119.9,996.9,2310.3,1824.1,1590.8,1639.4,1398.5,1295.2,1868.9
2020-10-28,111,1170.8,2579.2,1934.3,1858.7,1810,1287.1,1071.3,1907,129.3,1085.1,2459.3,1945.2,1698.1,1753,1498.3,1375.8,1976.2
2020-10-29,119.5,1272.5,2744.2,2070,1989.5,1938.1,1380,1151.7,2016.3,136.7,1185,2611.2,2079.9,1823.5,1870.3,1598.7,1468,2089.3
2020-10-30,127.1,1363.5,2914.4,2198,2119.7,2066.2,1467.8,1239.3,2143,141.8,1282.5,2767.8,2208.3,1936.7,1981.1,1699.8,1553.5,2212
2020-11-02,142.5,1597.6,3340.3,2496,2446.4,2350.4,1655.6,1394.4,2398.8,163.5,1499.5,3129.9,2481.5,2215.3,2239.8,1900.4,1718,2417.9
2020-11-03,146.7,1655,3459.7,2592.4,2541.9,2433.3,1714.2,1442.2,2464.4,168,1555.1,3226.1,2565,2299.4,2319.8,1957,1773.7,2489.1
2020-11-04,155.9,1750.7,3636.4,2740.1,2691.1,2568.1,1813,1523.4,2590.8,176.2,1660.5,3386,2700.4,2430.7,2448.6,2062,1882.3,2613.5
2020-11-05,164.5,1861.3,3817.8,2880.3,2840.8,2705.6,1905.5,1618.5,2730,185.7,1772.3,3537.7,2834.5,2557.1,2572.9,2172,1982.9,2752.4
2020-11-06,172.3,1972.6,3998.4,3015.3,2977.6,2829.3,1997.2,1692.7,2856.8,194.2,1868,3680,2950,2674.2,2695.1,2277.4,2073.4,2875.1
2020-11-09,192.4,2166.3,4322.9,3260.4,3246.6,3068.7,2164.7,1821.4,3103.6,211.7,2038.4,3937.4,3172.5,2894.3,2907.2,2461.4,2222,3117.8
2020-11-10,197.6,2223.6,4431.9,3344.1,3338.5,3152.6,2218.2,1872.6,3203.7,218.8,2092.5,4020.1,3250.8,2974.7,2985.7,2519,2274.9,3217
2020-11-11,204.8,2315.9,4568.1,3460.1,3460,3272.9,2300,1940.6,3333,227.6,2176.1,4137.2,3354.3,3079,3094.1,2608.9,2352.8,3343.5
2020-11-12,213.5,2405.1,4692.1,3555.4,3566.6,3362,2361.5,1998.8,3438.4,236.2,2254.2,4234.6,3439.3,3168.2,3178.9,2684.9,2415.8,3440.4
2020-11-13,221.9,2488,4808.4,3648.7,3660.1,3453.2,2428.2,2059.8,3565.5,244,2328.8,4327.1,3522.3,3249,3254.8,2756.8,2482.4,3560.3
2020-11-16,235.3,2627.5,5028.4,3846.8,3852.9,3627.1,2554,2169.4,3845.7,264,2457.3,4502.5,3677.1,3386.6,3399.7,2896.6,2604.3,3769.6
2020-11-17,240.9,2669.8,5110.5,3916.7,3923.1,3685,2594.7,2204.8,3932.6,268,2496.5,4570.2,3740,3440.7,3456.7,2941.4,2645.7,3852.8
2020-11-18,250.3,2738.8,5217.2,3997.9,4006.8,3773.8,2653.5,2254.9,4052.6,276.9,2558.8,4651.6,3810.2,3514.5,3534,3012.5,2707.8,3953.7
2020-11-19,257.3,2791.3,5299.1,4068.8,4080.5,3841.1,2700.2,2301.7,4147,285.7,2616.5,4726.8,3870.6,3573.6,3599.6,3060.3,2751.3,4028.3
2020-11-20,263.7,2855,5388.8,4135.6,4148.8,3902.8,2746.7,2345.7,4262.3,291.5,2664.4,4802,3932.2,3630,3657.2,3107.5,2795.4,4114.9
2020-11-23,281.5,2960.2,5560.2,4279.3,4297.3,4035.8,2839.8,2422.9,4444.3,304.2,2758.3,4937.4,4050.4,3744.3,3769.7,3214.4,2893,4280.1
2020-11-24,286.9,3001.5,5633,4344.8,4358.2,4092.3,2877,2451.4,4536.9,309,2794.7,5000.9,4105.4,3796.3,3821.5,3258.4,2928.8,4363.8
2020-11-25,292.7,3054.5,5721.7,4409.7,4419.8,4165.2,2928.2,2494.3,4638,318.4,2841.9,5069,4163.5,3848.7,3879,3309.6,2978.8,4459
2020-11-26,299.5,3103.3,5801.9,4473.3,4478.1,4222.8,2970.9,2537.2,4739.5,323.3,2891.8,5129,4220.4,3900.6,3930.6,3356.4,3029.1,4539.8
2020-11-27,302.8,3151.5,5875.8,4537.7,4534.9,4277.2,3010.8,2572.6,4846,326.6,2939.7,5193,4272.1,3950.2,3980.3,3400.1,3067,4630.5
2020-11-30,312.2,3254.5,6022.8,4668.5,4655.7,4400.6,3091.5,2640.3,5045.4,339.5,3026,5312.7,4379.6,4054.6,4079.1,3494,3148.6,4793.9
2020-12-01,315.9,3289,6086.8,4724.2,4712.5,4456.3,3125.2,2674.4,5125.1,342.6,3061.3,5368.6,4429.2,4101,4128.7,3527.8,3179.1,4859.3
2020-12-02,320.6,3349.1,6165,4791.3,4780,4519.6,3173.3,2712.2,5229.5,348.6,3111,5435.6,4489.5,4156.8,4187.3,3579,3221.7,4937.9
2020-12-03,325.3,3402,6241.1,4856,4844.9,4579.8,3212.3,2749.1,5338.8,351.9,3155.4,5499.4,4544.5,4204.3,4238.7,3618.5,3267.9,5029
2020-12-04,332.3,3448.7,6322.4,4915.2,4904.2,4641.7,3255.7,2782,5437.1,357.4,3204.2,5559.6,4602.4,4254.1,4287.4,3662.5,3304,5109.3
2020-12-07,348,3556.4,6473.4,5055.4,5036.3,4779.1,3351.7,2870.1,5692.4,371.7,3298.6,5684.3,4725,4365.7,4400.7,3766.8,3400.1,5296.3
2020-12-08,352.5,3595.5,6550,5116.1,5099.1,4835.8,3389.7,2900.1,5780.7,377.4,3337.3,5737.7,4783.9,4417.4,4460.4,3812.5,3439.2,5369.7
2020-12-09,359.3,3648,6634.3,5185,5168.8,4901.7,3438.9,2951.5,5893.9,383.9,3392.2,5808.9,4845.6,4477.3,4519.1,3864.8,3497.4,5464.3
2020-12-10,367.7,3706.8,6718.1,5257.6,5237.5,4965,3489,2996.8,6015,392.5,3436.7,5867.3,4908.7,4536.2,4583.4,3917.7,3549.8,5561.3
2020-12-11,376.4,3766.6,6797.7,5329.6,5309.7,5033.3,3538,3038.1,6143.2,401.2,3493.7,5935.1,4965.9,4594.8,4644.6,3976.6,3599.2,5657
2020-12-14,394.7,3891.5,6963.5,5484.5,5458,5175.7,3645.8,3134.8,6396.4,419.4,3601.1,6075.7,5089.3,4724,4766.8,4093.2,3708.7,5856
2020-12-15,400.3,3938.7,7031,5544.9,5523,5233.4,3687.3,3165,6467.9,424.9,3644.4,6135.4,5150.4,4782.7,4821.7,4139.1,3741.2,5916.8
2020-12-16,409.9,4001.4,7114.4,5617.9,5594.4,5315.5,3743.9,3215.9,6604,431.4,3698.9,6205.2,5218,4854.4,4888,4206.3,3798.9,6031
2020-12-17,417.2,4056.1,7190.7,5690.6,5669.9,5383.8,3795.5,3260.1,6707.9,438.9,3752,6276,5275.6,4907.5,4955.4,4262.4,3851,6118.7
2020-12-18,426.6,4107.3,7264.4,5749.9,5730.2,5446.9,3843,3299.9,6826.5,445.8,3788.9,6328.9,5330.9,4955,5007.8,4309,3895.7,6221.4
2020-12-21,444.4,4208.2,7420.6,5898,5875,5580.5,3953,3386,7034.5,464,3878.2,6448.4,5454.3,5073.4,5136.8,4417,4005.4,6396.3
2020-12-22,449.5,4248.8,7498.5,5964.2,5941,5640.5,3998.9,3419.6,7105,470.9,3909.6,6498.5,5512.8,5124.6,5190.7,4465.4,4046.8,6465.1
2020-12-23,455.6,4295.9,7574.9,6038,6010.9,5717.8,4055.1,3470,7220,480.9,3945.8,6560.6,5566.6,5179.5,5253.7,4528.8,4104.5,6553.4
2020-12-24,462.2,4344.3,7652.5,6117.9,6075.7,5788.1,4106.5,3509.8,7316.5,489.8,3980.2,6621.5,5625.1,5238,5312.8,4590.1,4158.4,6653.8
2020-12-28,473.7,4437.9,7823.6,6257.7,6229.9,5923.7,4204.6,3615,7508.1,503.1,4060.1,6749.2,5753.6,5360.4,5438.6,4709.4,4268.1,6829.8
2020-12-29,477.6,4476.5,7896.7,6322.1,6290.1,5984.5,4252.5,3647.6,7601,506,4088.3,6806.8,5805.9,5412.4,5485.2,4753.6,4312.5,6905.5
2020-12-30,483.3,4522.9,7990.3,6404.1,6365.7,6069.4,4315.5,3696.2,7724.6,511.3,4129.7,6879.2,5871.4,5469.8,5549.1,4812.1,4365.4,7000.2
2020-12-31,486.6,4565,8065.2,6470.1,6429.1,6130.8,4365.6,3730.6,7808.3,517.3,4165,6940.1,5922.1,5523.4,5602.1,4863.1,4414.3,7075.9
2021-01-04,498,4651.7,8237.6,6614.2,6569.4,6271.2,4461.7,3813,7978.1,527.7,4245.8,7079,6044.1,5636.8,5721.2,4973.2,4509.5,7231.9
2021-01-05,501.1,4699.9,8318.6,6672.3,6624.2,6327.1,4498.6,3844.6,8034.7,531.7,4287.3,7146.4,6100,5684,5767.9,5011.6,4541.2,7290.4
2021-01-06,506.7,4760.6,8415.9,6743.8,6691.4,6394.7,4548.4,3887.5,8115.2,539.5,4340.7,7214.9,6154,5735.4,5821.1,5061.1,4583.5,7358
2021-01-07,513.7,4809,8489.2,6802.6,6745.7,6450.7,4584.1,3925.2,8188.6,544.6,4380.1,7274.6,6201,5780,5867.1,5098.9,4624.9,7414.8
2021-01-08,517.7,4850.8,8555,6849.3,6787.6,6491.5,4616.5,3953.4,8251.9,549.7,4413.5,7318.8,6239.5,5814.9,5903.3,5130.9,4655.1,7473.3
2021-01-11,527.8,4922,8676.9,6943.4,6881,6582.6,4678.9,4002.7,8370.5,558.8,4490.2,7414.8,6319.1,5882.5,5981.9,5192.6,4718.1,7586.9
2021-01-12,532.3,4955.3,8732.6,6985.8,6922.3,6622.2,4705.3,4019.3,8423.6,560.8,4520.2,7457.5,6357.9,5919.8,6013.3,5214.2,4739.4,7639.1
2021-01-13,536.7,4989.1,8787.6,7026.2,6963.5,6662.8,4735.1,4043.6,8479.5,566.4,4549.5,7507.9,6393.9,5951.2,6050.6,5242.6,4772.2,7686.7
2021-01-14,539.8,5018.2,8832.1,7059.3,6997.8,6692.6,4753.2,4065.3,8537.9,570.6,4582.5,7548.9,6421.1,5979.9,6079.7,5268.4,4795.3,7722.2
2021-01-15,547,5048.9,8876.6,7095.8,7030.5,6724,4768.9,4086.2,8583.1,577,4606.3,7580.5,6451.1,6006.4,6110.2,5291.4,4819.6,7759.5
2021-01-18,555.5,5105.7,8953.6,7164.3,7090.2,6783.8,4814.4,4124.7,8687.8,587.7,4659.9,7650.1,6507.5,6060.4,6169.5,5334.3,4864.8,7836.9
2021-01-19,562,5131,8994.2,7196.2,7126.8,6814.6,4837.5,4137.9,8726.6,591.2,4681.9,7680.7,6537,6089,6195.7,5356.8,4886.1,7867.9
2021-01-20,571.9,5174.8,9038.3,7233.3,7168,6844.4,4861.9,4157,8772.5,596.8,4716.7,7729.3,6568.7,6123,6225,5382.2,4904.2,7911.5
2021-01-21,578.2,5206.6,9070.6,7266.4,7198.3,6869.2,4879.8,4174.9,8811,602.1,4750.4,7762.4,6596.2,6149.4,6251.6,5403.1,4920.2,7949.3
2021-01-22,583.3,5235.8,9107.9,7301.6,7221.8,6897.7,4901.1,4188.8,8840.9,609.7,4779.7,7795,6623.3,6179.2,6273.3,5424.4,4940.3,7976.9
2021-01-25,604.2,5294.6,9176.7,7363.7,7282.5,6955.1,4940.7,4221.7,8918.5,625.6,4839,7849.5,6673.7,6231.2,6323.3,5464.5,4975.2,8033.6
2021-01-26,608.9,5319.4,9205.2,7391,7308,6982.8,4958.5,4236.1,8953.1,633,4860.6,7875.6,6697.9,6256,6346.3,5480.6,4987,8058.9
2021-01-27,615,5352.4,9235,7419.2,7344.8,7011.9,4982.7,4254,8994,644.3,4889.7,7905.4,6721.9,6282.9,6371.2,5502.3,5002.4,8092.1
2021-01-28,624.1,5376.7,9259.6,7443.2,7366.4,7034.7,4996.1,4266.9,9024.3,649.6,4914.6,7928.5,6745.7,6301.8,6388.8,5521.5,5016,8114.5
2021-01-29,632.3,5406.1,9288.9,7473.7,7395.4,7057.4,5014.5,4282.9,9052.1,659.2,4940,7951,6767.2,6328,6411.1,5536.9,5027.2,8142
2021-02-01,649.4,5467.9,9344.1,7533.9,7451.6,7104.5,5049.2,4304.9,9106.2,683.4,4996.2,7990.3,6815.1,6377.7,6451.3,5573,5055.9,8178.7
2021-02-02,656.7,5491.7,9370.6,7559,7474.6,7128.3,5058.9,4315.5,9126.1,689.6,5017,8013.6,6839.2,6400.7,6471.3,5581.9,5066.3,8201.1
2021-02-03,668,5517.4,9395,7583.2,7500.7,7150,5073.1,4325.1,9149.6,700.5,5047.9,8040,6862.3,6422.5,6492.6,5600.5,5077.2,8221.7
2021-02-04,675.9,5545.6,9422.3,7607.8,7527.3,7174.5,5084.1,4332.3,9176.3,709.3,5076.8,8062.9,6884.1,6446,6508.3,5621.2,5089.1,8247.5
2021-02-05,691.6,5574.8,9446.1,7628.2,7548,7193.6,5097.7,4343.9,9195.6,722.9,5104.7,8080.2,6901.3,6465,6525.7,5633.2,5099.4,8266.5
2021-02-08,710.8,5629.5,9494.4,7675.2,7599.3,7226.3,5127.6,4368.2,9237.6,745.5,5153.5,8120.4,6944.9,6506.1,6558,5663.7,5124.6,8306.6
2021-02-09,718.3,5650.9,9515.3,7696.8,7615.6,7241.9,5138.2,4375.7,9254.3,750,5167.5,8141.8,6965,6526.8,6572.7,5678.4,5136.7,8321
2021-02-10,725.8,5676.9,9535,7720.3,7639.2,7261.6,5150.3,4386.6,9280,757.3,5193.8,8172.9,6979.9,6547.6,6588.4,5692.9,5148.2,8339.9
2021-02-11,733.3,5698.5,9557,7739.2,7660.4,7277.9,5162.1,4394.3,9291.4,765.1,5214.9,8189.5,6997.9,6566.9,6602.3,5705.7,5158.3,8354.8
2021-02-12,739.4,5719.2,9578.1,7755.5,7675.6,7291.7,5172.2,4402.1,9307,773.7,5234.8,8207.9,7013.7,6582.6,6617.7,5716.8,5168.7,8369.1
2021-02-15,752.3,5755.4,9620.2,7796.7,7713.9,7321.4,5191.4,4416.6,9325.9,785.9,5275.1,8234.6,7048.1,6617.3,6643.1,5739.2,5188.2,8397.2
2021-02-16,754.2,5770,9638.2,7814.6,7727.4,7334.6,5200.3,4424.8,9336.9,788.8,5293,8253.2,7062.4,6630.7,6656.9,5749.1,5195.3,8404.1
2021-02-17,760.5,5789.6,9655.7,7833.9,7749.5,7348.1,5209.8,4434.1,9352.2,793.5,5308.3,8272,7077,6646.5,6671.4,5763.4,5206.8,8413.3
2021-02-18,764.5,5808.8,9675,7852.4,7765.2,7364,5221,4441.4,9365.4,798.6,5327.8,8293.9,7090.6,6659.8,6687.7,5774.7,5213.6,8425.9
2021-02-19,767.3,5822.7,9692.4,7869.1,7781.4,7376.7,5229.6,4448.1,9378.6,801.2,5342.7,8303.6,7103.3,6672.8,6698.1,5785.8,5225.2,8443.7
2021-02-22,778.6,5857.9,9731.8,7900.8,7817.3,7405.7,5252.8,4462.8,9408.9,811.7,5372.9,8338.3,7135.8,6708,6728.2,5811.2,5244.4,8467.8
2021-02-23,782.3,5877.4,9749.9,7915.7,7835.2,7419,5263.3,4471.1,9423.1,814.3,5388.9,8353.7,7154.1,6721.1,6741.7,5821.2,5250.3,8480.4
2021-02-24,786.8,5897.3,9773.5,7931.3,7852.4,7435.5,5275.1,4482.7,9441.6,818.8,5407,8376.2,7173.2,6738.2,6757,5832.1,5262.7,8493
2021-02-25,790.3,5915.8,9790.1,7947,7870.8,7450.8,5282.7,4490.2,9452.7,824.6,5426,8393.7,7188.8,6754.4,6771.9,5844.9,5270.1,8501.6
2021-02-26,792.4,5931.3,9804.1,7962.7,7885.5,7461.1,5291,4498.2,9461.6,830.1,5447.3,8412.9,7203.7,6769.1,6784,5852.8,5278.7,8515.9
2021-03-01,801.5,5964.1,9843.5,8000.2,7919.7,7490.9,5315.8,4515.3,9484.7,839.7,5483.8,8447.9,7239.3,6807,6814.7,5883.1,5300.6,8542.9
2021-03-02,805.1,5980.2,9860.5,8017.2,7939.8,7505.1,5327.1,4522.8,9489.3,844.5,5494.8,8464.1,7253.4,6823.2,6830.5,5894.6,5307.7,8552.7
2021-03-03,809.7,5998.4,9881.2,8033,7958.8,7518.6,5338.5,4530,9500.4,850.8,5511.5,8482.9,7269.8,6838,6845.3,5908.3,5317.8,8565.8
2021-03-04,816.5,6015.4,9902.4,8051.6,7975,7536.3,5349.6,4537.3,9507.1,858.3,5527.1,8502.6,7283.9,6854.5,6860.6,5917.5,5327.2,8575.6
2021-03-05,820.3,6031.9,9919.6,8070.5,7992.6,7551.4,5360.6,4543.7,9512.5,862.7,5549.7,8526.1,7297.5,6869.6,6878.4,5930.7,5334.3,8584.8
2021-03-08,831.1,6073.3,9966.4,8109.7,8029.6,7587.2,5385.1,4562.3,9529.9,873.2,5592.8,8567.2,7331.7,6906.7,6913.3,5956.1,5356.5,8605.4
2021-03-09,836.5,6098.3,9989.2,8126.6,8046.5,7603.7,5397.1,4574.5,9537.8,878.7,5615,8588.5,7348.7,6930.5,6928.9,5969.8,5366.3,8612.3
2021-03-10,844.4,6124.1,10014.6,8148.9,8065.7,7621.8,5411.6,4583.3,9546.7,885.4,5642.3,8612.7,7364,6951.2,6945.1,5983.2,5378.1,8620.9
2021-03-11,851.7,6147.1,10037,8167.4,8085.4,7640,5424.2,4592.8,9554.9,892.7,5669.5,8633.9,7380,6972.2,6959.6,5996.4,5389.7,8627.2
2021-03-12,861.1,6170,10060.6,8185.9,8104.3,7655.6,5434.9,4599.3,9567,898.9,5690.8,8653.6,7399.4,6990.8,6972.7,6006.5,5397.3,8636.4
2021-03-15,881.2,6224.9,10113.9,8228.3,8150.1,7692.9,5458.4,4618.4,9587.3,919.4,5747.4,8701.3,7437.9,7032.8,7009.9,6034.9,5418.4,8655.3
2021-03-16,887.8,6244.6,10135.3,8250.7,8173,7710.1,5473.1,4625.9,9594.7,925.1,5772.3,8723.6,7457.6,7053,7025.6,6050.2,5424.9,8664.5
2021-03-17,900.2,6270.9,10163.4,8281,8201.6,7733.7,5487.4,4635.2,9606.8,935.6,5806.9,8753.6,7482.7,7078.1,7044.7,6065,5433.4,8673.7
2021-03-18,908.6,6301.2,10192.1,8305.2,8229.1,7753.5,5500.8,4644,9617.5,947.6,5837.6,8783.2,7505.3,7102.2,7062,6079,5444.7,8686.3
2021-03-19,922.2,6331.1,10217.6,8325.4,8253,7775.1,5514.8,4654.1,9626.1,957.5,5867.4,8817.8,7529.5,7124.3,7081.5,6094.8,5455.6,8694.3
2021-03-22,946.6,6394.6,10274.4,8380.9,8310.2,7818.4,5545,4670.9,9644.2,982.6,5930.2,8867.4,7573.6,7169.9,7128.8,6125.4,5477.5,8712.7
2021-03-23,953.6,6418.9,10303.8,8410.5,8338.9,7837.6,5559.6,4680.2,9652.4,991.7,5963.1,8899.9,7600.1,7195.5,7150.5,6144.1,5485.8,8723
2021-03-24,970.3,6453.9,10341.7,8434.7,8365.3,7863.7,5573.5,4688.2,9664.9,1005.3,6003.4,8933.5,7623.7,7219.3,7175.2,6161.4,5495.6,8734.5
2021-03-25,984.6,6492.5,10378.3,8461.7,8394,7880.8,5593.1,4696.7,9671.7,1018.2,6040.5,8967.2,7653.4,7248.1,7197.5,6180.2,5506.8,8741.3
2021-03-26,998.4,6526,10412.5,8491.4,8422.3,7904.8,5608.8,4707.6,9680.2,1028.6,6074,8998.4,7684,7279.8,7220.6,6196.2,5519.5,8750.5
2021-03-29,1026.3,6604.1,10484.6,8560,8487.4,7961.8,5647.2,4727.2,9699.4,1054.8,6154.6,9071,7745,7340.9,7273.8,6238.3,5541.7,8771.7
2021-03-30,1035,6635.4,10515.8,8592.6,8515.8,7983.5,5663.1,4733.7,9705.1,1064.3,6183.7,9100.6,7771.4,7368.7,7298.4,6256.8,5551.8,8784.9
2021-03-31,1051.1,6675.3,10553.9,8624.2,8551.9,8011.3,5680.4,4744,9715.8,1083,6224.7,9142.3,7804,7404.2,7326.3,6276.9,5563.9,8795.2
2021-04-01,1067.1,6713.7,10585.6,8654.1,8581.7,8031.6,5694.9,4753.4,9726.1,1093.2,6260.7,9174.6,7832.1,7429.1,7347.1,6291.8,5573.1,8801.6
2021-04-06,1109,6818.9,10709.5,8765.4,8686.6,8117.8,5760.3,4783.3,9766.7,1130.3,6367.6,9286.3,7932.5,7527.6,7433.3,6359.5,5613.9,8829.1
2021-04-07,1117.9,6852.4,10749.1,8799.7,8723.2,8145,5779.3,4793.4,9778.5,1140.3,6403.3,9321.6,7964.3,7556,7466.5,6383.8,5628.1,8836.5
2021-04-08,1129,6886.7,10792,8840.8,8762.3,8170.4,5798.5,4804.3,9789.5,1149.4,6447.3,9362,7996.3,7589.1,7498.6,6408,5639,8845.7
2021-04-09,1143.5,6923.9,10844.5,8876.4,8801.4,8197.9,5818,4812.5,9799.1,1165.6,6484.4,9406.3,8032.9,7622.1,7527.8,6428,5653,8856.6
2021-04-12,1170.9,7011.1,10947.6,8961.7,8884.7,8269.4,5860.1,4835,9816.9,1194.4,6570.1,9499.8,8113.6,7694.6,7595.8,6478,5681.4,8873.8
2021-04-13,1179.6,7040.3,10984.9,8994,8914.8,8299.2,5876.6,4843.6,9826.6,1200.2,6607.9,9538.9,8147.9,7727.5,7628,6500,5692.9,8883.6
2021-04-14,1192.5,7079,11028.2,9028.5,8952.7,8329.6,5896.8,4854.9,9835.1,1214.9,6655.7,9584,8184.7,7758.2,7666.7,6526.8,5702.7,8895
2021-04-15,1202.3,7115.9,11069.7,9059.5,8982.8,8356.3,5914,4864,9841.5,1227.7,6694.7,9621.6,8217.9,7785.8,7694.2,6548,5714.5,8905.9
2021-04-16,1215,7152.1,11110.5,9091.1,9011.4,8386.4,5929.1,4872.5,9848.6,1238.8,6732,9657.9,8249.5,7814.4,7722.3,6568,5723.4,8917.4
2021-04-19,1240.3,7227.9,11189.9,9165.6,9084.7,8449.1,5967.5,4892.4,9861.4,1263.3,6819,9744.4,8314.1,7881.8,7787.7,6610.5,5742.9,8930.6
2021-04-20,1248.7,7259.8,11225.2,9197.5,9119.6,8476.9,5981.7,4901.7,9867.5,1274.4,6851.1,9777.9,8341.9,7914.9,7816.1,6633.8,5753.2,8939.2
2021-04-21,1262.8,7304.5,11265.9,9234.2,9159.2,8511.1,6004.2,4912.6,9877.1,1289.5,6901.5,9827.1,8369.3,7955.2,7846.7,6663,5768,8950.7
2021-04-22,1276.1,7339.5,11299.5,9264.6,9187.1,8539.1,6022.2,4921.4,9884.9,1302.6,6946.1,9869.4,8404.5,7982.8,7878.5,6682.2,5779.9,8955.2
2021-04-23,1291.1,7377.6,11333.6,9293.3,9214.4,8564.8,6038.7,4928.6,9890.3,1312.8,6980.5,9907.2,8430.9,8016.8,7906.3,6701.2,5788.2,8967.3
2021-04-26,1321.6,7462.5,11416.9,9372.9,9292.7,8631.5,6080.8,4951.9,9907.4,1346.7,7077.6,9985.5,8507,8095.8,7968.9,6745.2,5811.2,8985.6
2021-04-27,1331.7,7492.6,11452.4,9399.7,9323.8,8658.2,6096.5,4959.4,9914.5,1355.6,7114.3,10023,8538.6,8124,7996.8,6762.9,5823.7,8997.7
2021-04-28,1342.7,7526.9,11490.4,9430.2,9354.7,8684.3,6114.1,4966.9,9922.7,1366.9,7153,10062.2,8568.7,8154.2,8024.4,6779.6,5830.5,9008
2021-04-29,1354.7,7558.2,11522.4,9455.7,9388,8710.5,6129.4,4976.2,9934.1,1380.5,7192.1,10099.8,8595.1,8182.8,8047.8,6797.7,5839.9,9016.6
2021-04-30,1367.3,7590.8,11552.2,9483.9,9413.7,8730.7,6142.2,4985.7,9939.1,1390.7,7225.8,10130.4,8621.8,8210.4,8066.9,6811.8,5846.7,9024.6
2021-05-03,1396.6,7657.9,11612.5,9543.8,9475.2,8777.5,6169.8,5003,9954.7,1419.8,7297.7,10192.6,8673.5,8265.8,8116.9,6842.5,5863.6,9037.8
2021-05-04,1407.9,7683.9,11637.7,9564.2,9503.1,8799.6,6180.8,5008.2,9959,1431.3,7326.3,10213.6,8698,8291,8139.8,6853.4,5871.6,9041.8
2021-05-05,1418.9,7720.8,11664.4,9593.1,9527.8,8819.6,6193.4,5013.6,9966.1,1445.1,7356.8,10240.4,8724.8,8316.2,8160.9,6869.2,5879.9,9044.7
2021-05-06,1431.3,7753.6,11692.9,9616.1,9554.9,8839.3,6204.7,5020.1,9973.3,1455.1,7390.5,10272.1,8744.9,8337.5,8180.6,6880.5,5885.8,9048.7
2021-05-07,1444.4,7782.3,11716.1,9638.6,9578.9,8857.1,6215.3,5024.7,9977.9,1471.5,7419.6,10294.2,8764.9,8357.3,8197.6,6895,5892.9,9053.3
2021-05-10,1475.1,7853.3,11776.9,9691.1,9637.6,8899.2,6235.3,5038.2,9992.1,1500.8,7490.3,10346.2,8811.6,8411,8243.2,6920.9,5905,9063.1
2021-05-11,1485.4,7878.8,11794.5,9714.9,9661.1,8913.5,6243.4,5041.5,9994.6,1512.1,7518,10366.3,8830.1,8427.8,8260.8,6933.2,5909.4,9069.4
2021-05-12,1496.4,7908.4,11820.2,9737.9,9683.5,8930.1,6254.5,5048.5,10000.3,1525,7552.2,10389.9,8849.8,8449.1,8278.2,6941.8,5913.3,9072.2
2021-05-14,1518.9,7951.9,11857.3,9770.7,9716.1,8956.9,6268.3,5053.4,10008.2,1544.6,7606.7,10421,8882.1,8478.4,8303.3,6959.3,5922.5,9079.1
2021-05-17,1535.6,7998.6,11900.8,9811.8,9756.9,8989.6,6285.7,5060.9,10016,1565,7653.9,10460.5,8920.9,8517.5,8333.6,6980.2,5930.7,9084.3
2021-05-18,1545.2,8023.9,11917.9,9832.4,9775.8,9003.4,6291.1,5063.3,10019.2,1573,7679.7,10478.5,8938.2,8534.9,8351.6,6988.1,5935.5,9087.2
2021-05-19,1559.3,8058.4,11942.7,9856.2,9798,9019.3,6301.4,5067.9,10025.2,1589.4,7707.7,10503.3,8957.9,8556.9,8366.6,6998.1,5940.5,9094.6
2021-05-20,1571.4,8087.3,11962.2,9875.5,9815,9029.2,6307.2,5071.3,10028.5,1599.6,7734.5,10522.5,8974.9,8570.4,8380.2,7004.7,5944.1,9098.6
2021-05-21,1580.6,8115.3,11980.1,9892.7,9833.9,9041,6316.7,5073.9,10033.1,1608.3,7763.3,10543.3,8988.7,8586.9,8391.8,7012.9,5946.7,9102.1
2021-05-25,1600.3,8175.3,12026.6,9939,9876.5,9070.3,6329.5,5082.6,10048,1628.3,7822,10586,9025.8,8624.6,8417.2,7031.4,5956.8,9109.5
2021-05-26,1604.7,8194,12042.2,9952.6,9890.5,9081,6335.7,5083.4,10051.6,1634.9,7844,10602.7,9042.6,8640.1,8428.5,7039.3,5960,9111.2
2021-05-27,1610.1,8217.6,12057.2,9968.3,9905.6,9092,6341.4,5086.5,10059.4,1640.7,7866,10619.3,9057.7,8653.8,8435.9,7044.7,5962.7,9114.1
2021-05-28,1619,8237.5,12072.8,9983.2,9919.4,9100.3,6345.8,5088.1,10061.6,1649.1,7888.6,10632.9,9068.3,8665.1,8447,7050.2,5964.5,9115.8
2021-05-31,1629.6,8275.9,12098.7,10011,9945.2,9118.4,6357.1,5093,10068,1660,7923.7,10660.6,9094,8688.2,8466.7,7059,5968.3,9123.9
2021-06-01,1634.7,8297.5,12112,10022.2,9955.7,9126,6361.9,5094.5,10073.3,1662.4,7938.1,10673.6,9104.4,8698,8475.4,7062.2,5971,9126.2
2021-06-02,1639.2,8314.6,12122.9,10032.8,9967.1,9133.3,6364.8,5096.6,10074.4,1666.2,7953,10685,9114.7,8708.2,8484.1,7067.9,5973.6,9129
2021-06-03,1642,8327.7,12133.8,10044.6,9976.9,9137.8,6367.9,5098.2,10078.3,1670.2,7961.9,10696,9123.3,8715.8,8489,7071.8,5975.4,9130.2
2021-06-04,1645.5,8338.1,12142,10052.5,9984.1,9142.5,6368.9,5099.7,10081.9,1673.8,7972,10704.2,9131,8722.7,8493.9,7074.8,5976.6,9133
2021-06-07,1652.8,8361,12160.5,10068.5,9999.3,9151.5,6375.1,5102.8,10083.3,1683.1,7997,10721.9,9147.7,8738.9,8504.4,7080.3,5980.2,9138.2
2021-06-08,1654.9,8372.2,12167.4,10074.7,10006.5,9156.4,6377,5103.8,10085.8,1684.6,8004.1,10727.6,9154.5,8745.9,8508.8,7083.7,5981.6,9139.9
2021-06-09,1659.1,8384.6,12175.4,10082.3,10016.3,9161.2,6379.9,5105.1,10086.8,1688,8016,10735.3,9164.6,8751.6,8515.4,7087.6,5982.8,9141.1
2021-06-10,1661.4,8393.3,12181.4,10088.1,10019.8,9164.2,6380.9,5105.7,10089,1689.5,8024.4,10742.9,9170.8,8756.8,8518.5,7090.1,5983.4,9142.8
2021-06-11,1664.3,8400.6,12187.7,10095.2,10024.9,9167,6383.4,5106.2,10089.7,1692.6,8030.4,10749.8,9177.4,8761.1,8521.2,7091.4,5984.6,9143.4
2021-06-14,1667.8,8414,12201.3,10106.2,10035.2,9172.3,6386.7,5107.5,10091.8,1697.3,8044.4,10759.5,9188.5,8769.8,8530.8,7095.7,5987.3,9146.8
2021-06-15,1669.9,8416.9,12207.7,10109.6,10038.1,9174.4,6388.5,5108,10092.9,1700.4,8048.3,10763.7,9191.7,8773.1,8533.1,7097,5989,9147.9
2021-06-16,1671.3,8421.7,12212.2,10114.2,10042.6,9177.1,6391.6,5108.5,10092.9,1701.7,8055.6,10767.3,9196.8,8776.1,8536.4,7098.9,5989.9,9149.1
2021-06-17,1674.1,8425.9,12215.7,10117.9,10044.6,9178.3,6391.8,5110,10093.3,1703.5,8058.6,10771.6,9201,8778.2,8537.9,7099.7,5990.2,9149.1
2021-06-18,1676.2,8428.8,12218.9,10119.9,10047.6,9180.2,6392,5110.3,10094,1705.1,8062,10773.6,9204.3,8780.1,8540.3,7101.4,5990.5,9149.1
2021-06-21,1679.5,8435.8,12224.9,10125,10053.4,9182.8,6394.3,5111.3,10095.4,1708.4,8070.9,10779.8,9209,8785.2,8544.9,7103.8,5991.1,9149.7
2021-06-22,1680.4,8437.8,12227.6,10126.9,10055.1,9184,6396.2,5111.9,10095.4,1709.3,8073.5,10781.6,9211.2,8786.7,8546.3,7104.8,5991.4,9149.7
2021-06-23,1682.1,8441.2,12230.6,10128.4,10056.6,9185.6,6396.4,5112.1,10096.5,1710.6,8077.3,10785,9213,8788.2,8547.7,7106.8,5992.9,9149.7
2021-06-24,1682.1,8442.6,12233.1,10129.9,10058.3,9187.9,6396.6,5112.1,10096.8,1711.3,8079.4,10787.2,9215.3,8789.6,8548.6,7108.5,5993.5,9150.8
2021-06-25,1682.5,8443.9,12236.2,10131.5,10058.6,9189.3,6397.2,5112.4,10098.6,1711.5,8082.8,10789.1,9216.9,8790.8,8550,7108.7,5993.8,9152
2021-06-28,1684.4,8449.7,12238.9,10135,10061.3,9190.7,6398.2,5113.1,10099,1713.3,8090.4,10793.9,9221,8794.4,8551.3,7110.8,5994.7,9152.5
2021-06-29,1685.6,8453.1,12240.7,10136.1,10062.3,9191,6398.6,5113.7,10099.3,1713.5,8095,10798.7,9223.9,8795.4,8552.5,7110.8,5994.9,9153.1
2021-06-30,1685.6,8455.3,12243.8,10138.4,10063.5,9191.8,6399.3,5113.7,10100,1713.7,8099.3,10802.8,9226.3,8796.9,8552.9,7111.7,5995.5,9153.1
2021-07-01,1686.3,8459.4,12247.7,10141.4,10065.5,9192.9,6399.5,5114.2,10100.4,1713.9,8101.9,10808.4,9229.4,8798.9,8554.4,7112.7,5996.1,9153.7
2021-07-02,1687,8463.5,12250.8,10144.5,10066.6,9194.6,6400.3,5114.7,10100.7,1714.6,8105.1,10812.7,9231.6,8801,8555.3,7113.6,5996.1,9154.3
2021-07-05,1688.4,8470.8,12261.8,10150,10070.1,9197.7,6401.1,5115.5,10102.5,1715.7,8118.8,10832.8,9238.5,8803.9,8558.1,7115.9,5997,9157.1
2021-07-06,1689.1,8474.7,12270.2,10152.5,10073,9199.1,6401.7,5116,10102.9,1716.4,8125,10847,9242,8806.7,8560,7116.8,5997.3,9158.3
2021-07-07,1689.1,8482,12279.5,10156.7,10074.5,9200.3,6402.4,5116,10103.6,1717.3,8132.8,10858.5,9247.2,8808.8,8562.6,7117.2,5997.9,9160
2021-07-08,1690.3,8486.9,12289.5,10159,10077.3,9201.3,6402.4,5116.2,10103.6,1718.6,8138.5,10874,9250.9,8809.8,8563.9,7117.7,5998.2,9160.6
2021-07-09,1691,8494.6,12297.8,10163.9,10081,9202.2,6402.8,5116.5,10103.6,1719.5,8143.3,10890.5,9256.2,8812.4,8566.1,7117.7,5999.7,9161.1
2021-07-12,1693.6,8515.3,12326.7,10173.4,10086.8,9207.5,6405.3,5117.8,10103.9,1721.3,8161.9,10922.9,9269.8,8818.6,8571.7,7119.6,6000.3,9161.7
2021-07-13,1694.7,8526,12342.1,10178.8,10091.4,9210.7,6407.5,5117.8,10104.3,1723.3,8169.7,10943,9279.1,8821.9,8575.3,7120.9,6000.9,9161.7
2021-07-14,1695.7,8535,12359.9,10186.1,10094.2,9213.5,6408.6,5118.3,10106.1,1725.5,8180.2,10965.7,9288.2,8827.1,8578.8,7122.6,6001.8,9163.4
2021-07-15,1698,8548.8,12378.8,10192.3,10099,9216.6,6409,5118.8,10107.1,1727.5,8192.1,10992.2,9297.1,8833.1,8581.7,7124.1,6002,9165.2
2021-07-16,1699.2,8565.1,12403.8,10197.3,10103.4,9220.2,6409.4,5119.6,10108.6,1729.3,8204.7,11016.6,9307.2,8839,8585.4,7126,6002.9,9166.3
2021-07-19,1709.3,8601.3,12454.3,10214.5,10114.9,9231.4,6414.1,5122.7,10114.6,1736.4,8237.9,11073.9,9330.9,8851.8,8592.9,7132.2,6006.5,9171.5
2021-07-20,1711.1,8616.9,12474.5,10223.1,10123.6,9235.9,6416.8,5123.5,10116.4,1739,8256.2,11099.4,9339.4,8858.2,8598.1,7134.9,6008.9,9172
2021-07-21,1714.2,8633.7,12494.4,10234.2,10131.1,9241.8,6419.9,5125,10118.2,1742.8,8271.8,11129.8,9350.7,8865,8603.3,7136.9,6010.6,9174.3
2021-07-22,1716.3,8654.6,12518.4,10247,10140,9246.4,6422,5126.3,10121.4,1745.9,8289,11159.7,9364.9,8872.1,8609.9,7140.7,6012.7,9178.9
2021-07-23,1717.7,8676,12543,10258.4,10145.5,9252.8,6425.7,5127.9,10123.9,1748.4,8305.2,11187.1,9376.8,8877.4,8615.5,7143.3,6014.5,9182.4
2021-07-26,1726.8,8714.1,12598.6,10284.8,10161.5,9263.8,6431.3,5129.9,10128.2,1754.4,8342.1,11247.8,9403.9,8890.1,8627.3,7149,6018.6,9188.7
2021-07-27,1729.4,8734,12617.9,10298.5,10171.6,9270.8,6435,5131.8,10129.6,1757.9,8360.4,11276.7,9416.9,8897.9,8632.6,7152.2,6020.7,9192.7
2021-07-28,1732,8753.5,12639.2,10309.7,10179.7,9278.7,6437.5,5132.8,10132.1,1762.1,8377.8,11299.9,9426.7,8905.1,8638.1,7154.8,6021.9,9194.4
2021-07-29,1736,8766.6,12665.1,10319.5,10188.1,9283.6,6438.7,5133.8,10133.1,1766.1,8392.5,11332.1,9440.3,8913.5,8643.6,7158.6,6023.1,9197.8
2021-07-30,1738.6,8784.6,12693,10329.8,10194.8,9289.4,6441.8,5136.4,10136,1769,8406.2,11359,9453.2,8920.8,8649.1,7160.6,6025.7,9200.1
2021-08-02,1749.1,8826.9,12751.1,10356.3,10214.7,9303.5,6449.4,5139.5,10141,1775.4,8454.3,11432.9,9481.6,8939.2,8661.2,7168.5,6031.6,9204.1
2021-08-03,1753.1,8850.2,12776.9,10371.9,10225.7,9312.5,6451.7,5142.6,10143.1,1779.9,8479.1,11461.5,9496.6,8952.2,8670.5,7173.8,6033.7,9210.5
2021-08-04,1757.3,8873.1,12802.8,10387.9,10238,9320,6456.7,5144.7,10147,1784.1,8500.8,11492.8,9512,8962.5,8677.2,7178.7,6036.7,9215.6
2021-08-05,1761.8,8896.6,12832,10402.5,10249.2,9326.3,6458.7,5146.5,10149.2,1787.9,8522.6,11527.8,9529.5,8973,8682.4,7182.8,6038.7,9218.5
2021-08-06,1765.5,8921.7,12866,10420.8,10262.3,9335.8,6462.5,5148.6,10152.7,1792.8,8546.6,11564.1,9547.7,8982.4,8691.2,7185.7,6044.1,9221.9
2021-08-09,1776.3,8987.5,12952.4,10469,10293,9360.8,6472.4,5157.1,10160.2,1807,8616,11669.9,9596.6,9010,8712.5,7197.5,6051.5,9231.1
2021-08-10,1783.1,9034.7,13008.7,10496,10314.2,9373.2,6481,5160.2,10164.5,1814.1,8654.5,11728.9,9625.5,9030.8,8725.2,7205.2,6053.5,9237.4
2021-08-11,1791.5,9082.6,13064.9,10528.2,10338.1,9388.1,6487.6,5164.1,10172.3,1823,8701,11795.9,9658.3,9054.3,8740.2,7213.1,6056.5,9239.7